{"Dinheiro": 1011938.4840512492, "Soma": 214.64994375000006, "Gemas": 0, "Up1": 40, "Up2": 100, "Up3": 4, "Up4": 100, "Up5": 15, "Up6": 1, "Auto": 10978.965056250001, "Missao": 21, "Clicks": 5839, "Acumulado": 302309.10550000315, "AcumuladoAuto": 1495353.4127187529}