{"Dinheiro": 21323126122.093018, "Soma": 1661.8065187500001, "Gemas": 87000, "Up1": 6, "Up2": 9, "Up3": 4, "Up4": 4, "Up5": 15, "Up6": 1, "Auto": 2472.8144375, "Missao": 4, "Clicks": 42, "Acumulado": 63924.91107500004, "AcumuladoAuto": 161181.4373749999}